{
    "loss": 0.49938055872917175,
    "accuracy": 0.8879310488700867
}